prompt,chosen,rejected
How does Paclitaxel differ from Vincristine?,"Paclitaxel stabilizes microtubules and prevents their depolymerization, while vincristine binds tubulin to prevent polymerization; both arrest mitosis but have different toxicity patterns, with neuropathy prominent in both.","Paclitaxel and vincristine both prevent microtubule formation, so they are interchangeable in every regimen."
Explain why Clopidogrel is called a prodrug.,"Clopidogrel is inactive as administered and must be converted by hepatic CYP enzymes, mainly CYP2C19, to an active metabolite that irreversibly blocks the platelet P2Y12 ADP receptor.",Clopidogrel is active as swallowed and acts by reversibly inhibiting COX-1 in platelets.
What is the mechanism of Tiotropium in COPD?,"Tiotropium is a long-acting muscarinic antagonist that blocks M3 receptors on airway smooth muscle, preventing acetylcholine-induced bronchoconstriction and providing sustained bronchodilation with once-daily dosing.",Tiotropium is an inhaled corticosteroid that reduces airway inflammation but has no bronchodilating effect.
What does volume of distribution describe?,"Volume of distribution is the theoretical volume needed to account for the total drug amount at the plasma concentration; large values indicate extensive tissue distribution, as with amiodarone, while small values indicate confinement to plasma.",Volume of distribution is the physical volume of blood in a patient and is the same for every drug.
Why is HLA-B*57:01 screening done before Abacavir?,"HLA-B*57:01 carriers have a high risk of a severe, potentially fatal hypersensitivity reaction to abacavir, so patients are screened genetically beforehand and carriers should not receive the drug.","HLA-B*57:01 screening is done to select the dose of abacavir, and carriers should receive higher doses."
What monitoring is required for patients taking Clozapine?,"Clozapine requires regular absolute neutrophil count monitoring because of the risk of severe neutropenia and agranulocytosis, along with monitoring for myocarditis, metabolic effects, constipation, and seizures.","Clozapine needs no blood tests, since agranulocytosis occurs only with older antipsychotics."
How does Ketamine produce anesthesia and rapid antidepressant effects?,"Ketamine is a non-competitive NMDA receptor antagonist causing dissociative anesthesia, and at sub-anesthetic doses it triggers glutamate surges and synaptic plasticity that can rapidly relieve depressive symptoms.",Ketamine is an opioid agonist that works only on mu receptors and has no effect on glutamate.
Compare live-attenuated and inactivated vaccines.,"Live-attenuated vaccines use weakened pathogens that replicate and typically produce strong, long-lasting immunity but are avoided in severely immunocompromised patients, whereas inactivated vaccines cannot replicate and often need boosters.","Live-attenuated vaccines contain dead virus and are safest for immunocompromised people, while inactivated vaccines replicate in the body."
What are antibody-drug conjugates?,"Antibody-drug conjugates link a tumor-targeting antibody to a cytotoxic payload through a linker, delivering chemotherapy selectively to antigen-expressing cells; examples include trastuzumab emtansine and brentuximab vedotin.",Antibody-drug conjugates are mixtures of two separate drugs given on different days and have no targeting function.
Describe the mechanism of Sildenafil.,"Sildenafil inhibits phosphodiesterase-5, preventing breakdown of cGMP so nitric oxide-mediated smooth muscle relaxation is enhanced, improving penile blood flow and also reducing pulmonary vascular resistance; it is dangerous with nitrates.",Sildenafil raises testosterone levels and works without any sexual stimulation.
How does Sumatriptan treat migraine?,"Sumatriptan is a 5-HT1B/1D agonist that constricts cranial blood vessels and inhibits release of CGRP and other neuropeptides, aborting acute migraine attacks but not preventing them; it is contraindicated in coronary artery disease.",Sumatriptan blocks 5-HT receptors to prevent attacks if taken daily and is safe in heart disease.
What is Lipinski's rule of five?,"Lipinski's rule of five is a heuristic that predicts poor oral absorption when a compound has more than five hydrogen bond donors, ten acceptors, a molecular weight over 500, or logP above five.",Lipinski's rule of five says a drug must be given five times daily and have at least five active ingredients.
What is the placebo effect and why does it matter in drug trials?,"The placebo effect is a real improvement in symptoms driven by expectation and context rather than the active drug, so placebo-controlled trials are needed to separate true pharmacological effects from these influences.","The placebo effect only occurs in people pretending to feel better, so it does not need to be controlled for in trials."
What is the mechanism of Vancomycin?,"Vancomycin binds the D-Ala-D-Ala terminus of peptidoglycan precursors, blocking cell wall polymerization, which makes it active against Gram-positive bacteria including MRSA; resistance arises when the target changes to D-Ala-D-Lac.",Vancomycin inhibits penicillin-binding proteins just like penicillin and is effective against Gram-negative bacteria.
How do transdermal patches deliver drugs?,"Transdermal patches deliver lipophilic, potent drugs through the skin at a controlled rate into systemic circulation, avoiding first-pass metabolism and providing steady levels, as with fentanyl, nicotine, and estradiol patches.","Transdermal patches work by dissolving in sweat, so they only deliver drugs during exercise."
What is a QSAR model in drug design?,"A quantitative structure–activity relationship model uses statistical or machine-learning methods to relate molecular descriptors to biological activity or properties, helping predict potency or toxicity of new compounds before synthesis.",A QSAR model is a physical lab assay that directly measures drug binding and cannot be computational.
Why is Clozapine reserved for treatment-resistant schizophrenia?,"Clozapine is more effective than other antipsychotics in treatment-resistant schizophrenia and reduces suicidality, but its risk of agranulocytosis, myocarditis, and seizures requires strict monitoring including regular neutrophil counts.",Clozapine is reserved because it is the weakest antipsychotic and is considered safe enough to need no blood monitoring.
How is steady state related to half-life?,"With repeated dosing, a drug reaches steady state after approximately four to five half-lives, regardless of dose size, at which point the rate of drug input equals the rate of elimination.","Steady state is reached after exactly one half-life, and a bigger dose makes it happen faster."
Explain how Amphotericin B kills fungi.,"Amphotericin B binds ergosterol in the fungal membrane and forms pores that cause ion leakage and cell death; nephrotoxicity is dose-limiting, and liposomal formulations reduce it.",Amphotericin B inhibits ergosterol synthesis in the nucleus and is gentle on the kidneys.
Explain the mechanism of Baclofen.,"Baclofen is a GABA-B receptor agonist that reduces excitatory neurotransmitter release in the spinal cord, relieving spasticity, and abrupt withdrawal can cause serious rebound effects including seizures.",Baclofen is a GABA-A blocker that increases muscle tone and is useful in muscle weakness.
Which commonly used drugs prolong the QT interval?,"Macrolides, fluoroquinolones, ondansetron, haloperidol, citalopram, and methadone can prolong the QT interval, raising the risk of torsades de pointes, especially with hypokalemia, hypomagnesemia, or combined QT-prolonging drugs.","QT prolongation is only caused by cardiac drugs, and antibiotics and antiemetics have no effect on the heart rhythm."
Describe the mechanism of action of Atorvastatin.,"Atorvastatin competitively inhibits HMG-CoA reductase, the rate-limiting enzyme of hepatic cholesterol synthesis, which upregulates LDL receptors and increases clearance of LDL cholesterol from the blood.",Atorvastatin blocks cholesterol absorption in the intestine by binding to the NPC1L1 transporter.
What is the serotonin-related risk of combining Tramadol with SSRIs?,"Tramadol inhibits serotonin and norepinephrine reuptake in addition to its opioid action, so combining it with SSRIs increases the risk of serotonin syndrome and seizures, and it should be used cautiously.","Tramadol is a pure opioid with no serotonergic activity, so it is safe to combine with SSRIs without any extra risk."
Describe the mechanism of Trastuzumab.,"Trastuzumab binds the extracellular domain of HER2, inhibiting signaling and marking cells for antibody-dependent cellular cytotoxicity, and is used only in HER2-positive cancers, with cardiotoxicity monitoring needed.",Trastuzumab targets EGFR and works in all breast cancers regardless of receptor status.
Explain the mechanism of Memantine.,"Memantine is an uncompetitive, low-affinity NMDA receptor antagonist that reduces excitotoxic glutamate activity while preserving normal synaptic transmission, and is used in moderate to severe Alzheimer's disease.",Memantine is a cholinesterase inhibitor that increases acetylcholine and is used only for mild disease.
How does Valproate act as an antiepileptic?,"Valproate has several actions: it blocks sodium channels, increases GABA availability by inhibiting its breakdown, and affects T-type calcium channels, giving broad-spectrum seizure coverage but major teratogenic risk.",Valproate acts only by opening potassium channels and is considered completely safe in pregnancy.
How does Oseltamivir treat influenza?,"Oseltamivir is a prodrug whose active form inhibits viral neuraminidase, preventing release of new virions from infected cells; it works best when started within 48 hours of symptom onset.",Oseltamivir kills the influenza virus directly in the bloodstream and works equally well when started after a week.
Describe how Methylphenidate works in ADHD.,"Methylphenidate blocks dopamine and norepinephrine transporters, increasing their synaptic levels in prefrontal circuits and improving attention and impulse control, with appetite suppression and insomnia as common effects.",Methylphenidate is a sedative that calms the brain by enhancing GABA and has no abuse potential.
Why should grapefruit juice be avoided with some medications?,"Grapefruit juice irreversibly inhibits intestinal CYP3A4, reducing first-pass metabolism and increasing blood levels of drugs such as simvastatin, felodipine, and some immunosuppressants, which can lead to toxicity.","Grapefruit juice speeds up drug metabolism and lowers drug levels, making it a useful way to reduce side effects."
What adverse effects are linked to long-term proton pump inhibitor use?,"Long-term PPI use has been linked to hypomagnesemia, vitamin B12 deficiency, increased fracture risk, C. difficile infection, and possibly kidney disease, so the lowest effective dose and periodic review of ongoing need are advised.","Long-term PPI use is entirely risk-free and increases the absorption of calcium, magnesium, and vitamin B12."
Explain how Furosemide produces diuresis.,"Furosemide inhibits the Na+/K+/2Cl- cotransporter in the thick ascending limb of the loop of Henle, blocking reabsorption of a large fraction of filtered sodium and causing potent diuresis.",Furosemide blocks aldosterone receptors in the collecting duct and therefore causes potassium retention.
Explain how Insulin glargine differs from regular human insulin.,"Insulin glargine is a long-acting analog that forms microprecipitates at subcutaneous pH, releasing slowly to provide a relatively flat basal profile for about 24 hours, unlike the short, peaked action of regular insulin.",Insulin glargine is a rapid-acting insulin designed to be injected right before meals to cover glucose spikes.
Describe the mechanism of Haloperidol.,"Haloperidol is a high-potency typical antipsychotic that antagonizes dopamine D2 receptors, reducing positive symptoms of psychosis but carrying a higher risk of extrapyramidal symptoms.",Haloperidol is a D2 agonist that boosts dopamine and treats psychosis by increasing dopaminergic signaling.
Explain why Gentamicin is nephrotoxic and ototoxic.,"Gentamicin binds the 30S ribosomal subunit to cause mistranslation and is concentration-dependent bactericidal, but accumulation in renal tubular cells and inner ear hair cells causes toxicity, so levels and kidney function are monitored.","Gentamicin is eliminated by the liver only and accumulates in no organs, so it needs no monitoring."
Why is abrupt discontinuation of beta-blockers dangerous?,"Chronic beta-blockade causes receptor upregulation, so sudden withdrawal can cause rebound tachycardia, hypertension, angina, or myocardial infarction, and doses should be tapered gradually.",Beta-blockers can be stopped suddenly because the body never adapts to their effects.
What toxicities are associated with aminoglycosides?,"Aminoglycosides can cause nephrotoxicity through tubular accumulation, irreversible ototoxicity affecting hearing and balance, and neuromuscular blockade; once-daily dosing, level monitoring, and avoiding other nephrotoxins reduce risk.","Aminoglycosides are harmless to kidneys and hearing, and their only notable side effect is mild stomach upset."
Why are thiazolidinediones avoided in heart failure?,"Pioglitazone and similar drugs cause sodium and fluid retention through renal effects, which can precipitate or worsen heart failure, so they are contraindicated in patients with established heart failure.",Thiazolidinediones remove excess fluid and are recommended as first-line therapy in heart failure.
What electrolyte problems does Spironolactone cause?,"Spironolactone reduces potassium excretion and can cause hyperkalemia, particularly with ACE inhibitors, ARBs, or renal impairment, so potassium and creatinine are monitored after starting and dose changes.","Spironolactone causes hypokalemia like loop diuretics, so potassium supplements are required with it."
What is pharmacovigilance?,"Pharmacovigilance is the science of detecting, assessing, understanding, and preventing adverse effects of medicines after marketing, using spontaneous reports, registries, and signal detection to identify rare or delayed safety issues.",Pharmacovigilance is the process of checking drug prices after launch and has nothing to do with safety.
How does Doxycycline inhibit bacterial growth?,"Doxycycline binds the 30S ribosomal subunit and blocks attachment of aminoacyl-tRNA to the A site, inhibiting protein synthesis bacteriostatically; it should be avoided in pregnancy and young children.",Doxycycline inhibits cell wall synthesis and is routinely recommended for young children and pregnant women.
Explain how Rifampicin acts and why it interacts with many drugs.,"Rifampicin inhibits bacterial DNA-dependent RNA polymerase and is a potent inducer of hepatic CYP enzymes, lowering levels of drugs such as warfarin, oral contraceptives, and many antiretrovirals.","Rifampicin inhibits mycolic acid synthesis and strongly inhibits CYP enzymes, increasing the levels of other drugs."
Compare Atorvastatin and Rosuvastatin.,"Both are high-intensity statins, but rosuvastatin is hydrophilic with minimal CYP3A4 metabolism and is more potent per milligram, while atorvastatin is lipophilic, CYP3A4-metabolized, and needs no renal adjustment.","Atorvastatin is hydrophilic and avoids CYP3A4, while rosuvastatin is metabolized heavily by CYP3A4."
Describe how Epinephrine works in anaphylaxis.,"Epinephrine activates alpha-1 receptors to cause vasoconstriction and reduce edema, beta-1 receptors to support cardiac output, and beta-2 receptors to relax bronchial muscle, rapidly reversing life-threatening features of anaphylaxis.",Epinephrine is an antihistamine that blocks the allergic reaction and works as well when given orally.
How does Acarbose affect blood glucose?,"Acarbose inhibits intestinal alpha-glucosidase enzymes, slowing carbohydrate digestion and glucose absorption, which blunts post-meal glucose spikes and commonly causes flatulence as a side effect.",Acarbose stimulates insulin release from beta cells and is most effective when taken at bedtime.
Is Vancomycin infusion reaction a true allergy?,"Vancomycin infusion reaction, previously called red man syndrome, is a rate-related, non-IgE histamine release causing flushing and itching, and is often managed by slowing the infusion and giving an antihistamine rather than avoiding the drug.","Vancomycin infusion reaction is always a true IgE-mediated anaphylaxis, and the drug must be permanently avoided."
Compare Aspirin and Clopidogrel as antiplatelet drugs.,"Aspirin irreversibly inhibits COX-1 and thromboxane A2 production, whereas clopidogrel is a prodrug that irreversibly blocks the P2Y12 ADP receptor; they act on different pathways, which is why they are combined after stent placement.","Aspirin and clopidogrel both block the P2Y12 receptor, so combining them has no added effect."
Explain how Montelukast works in asthma and allergic rhinitis.,"Montelukast selectively antagonizes the cysteinyl leukotriene receptor CysLT1, reducing leukotriene-mediated bronchoconstriction, mucus secretion, and airway inflammation, and it carries a boxed warning for neuropsychiatric events.",Montelukast is a beta-2 agonist that opens the airways within minutes and is the preferred rescue inhaler.
What is the mechanism of Sitagliptin?,"Sitagliptin inhibits DPP-4, the enzyme that degrades incretin hormones, so active GLP-1 and GIP levels rise, enhancing glucose-dependent insulin secretion and reducing glucagon release.","Sitagliptin blocks glucose reabsorption in the kidney, causing glucose to be lost in the urine."
Which antidotes treat poisoning from common drugs?,"N-acetylcysteine treats paracetamol, naloxone treats opioids, flumazenil treats benzodiazepines, atropine treats organophosphates, digoxin-specific antibody fragments treat digoxin, and hydroxocobalamin treats cyanide toxicity.","Flumazenil treats opioid overdose, naloxone treats benzodiazepine overdose, and atropine treats paracetamol poisoning."
Describe the mechanism of Tenofovir in HIV treatment.,"Tenofovir is a nucleotide reverse transcriptase inhibitor that is phosphorylated intracellularly and incorporated into viral DNA, terminating chain elongation; it is also active against hepatitis B.",Tenofovir is an integrase inhibitor that blocks viral DNA from entering the host genome and has no hepatitis B activity.
Why should tetracyclines be avoided in pregnancy and young children?,"Tetracyclines chelate calcium and deposit in developing bones and teeth, causing permanent tooth discoloration and possible growth inhibition, so they are avoided in pregnancy and children under 8 unless benefits outweigh risks.","Tetracyclines are the safest antibiotics for infants, since they strengthen developing teeth."
How does CRISPR-based therapy treat sickle cell disease?,"Approved CRISPR therapy edits a patient's own hematopoietic stem cells, disrupting the BCL11A enhancer to raise fetal hemoglobin, which reduces sickling; patients need conditioning chemotherapy before the cells are reinfused.",CRISPR therapy for sickle cell is a daily pill that replaces hemoglobin and needs no conditioning before treatment.
Describe how Amlodipine lowers blood pressure.,"Amlodipine blocks L-type voltage-gated calcium channels in vascular smooth muscle, reducing calcium influx, relaxing arterioles, and decreasing systemic vascular resistance with minimal direct effect on heart rate.","Amlodipine blocks beta receptors in the heart to slow the heart rate, which is how it lowers pressure."
Why can Rifampicin reduce the effectiveness of oral contraceptives?,"Rifampicin induces hepatic CYP3A4 and other enzymes, accelerating metabolism of contraceptive hormones and lowering their levels, which may cause contraceptive failure, so additional or alternative contraception is advised.","Rifampicin raises hormone levels in contraceptives, which makes them safer and has no effect on efficacy."
What are the main risks of opioid therapy?,"Opioids carry risks of respiratory depression, sedation, constipation, tolerance, physical dependence, and addiction; risk is greatest when combined with benzodiazepines or alcohol, and naloxone should be available for high-risk patients.","Opioids carry no risk of respiratory depression when taken as prescribed, and combining them with benzodiazepines is protective."
How does Ciprofloxacin work as an antibiotic?,"Ciprofloxacin inhibits bacterial DNA gyrase and topoisomerase IV, preventing DNA supercoiling and replication, and is bactericidal; it carries risks including tendon rupture and QT prolongation.",Ciprofloxacin blocks folic acid synthesis and is bacteriostatic with no tendon-related risks.
What is cytokine release syndrome in CAR-T therapy?,"Cytokine release syndrome is a systemic inflammatory response after T-cell activation causing fever, hypotension, and hypoxia, and it is managed with supportive care, tocilizumab for IL-6 blockade, and corticosteroids if severe.",Cytokine release syndrome is an infection caused by contaminated cell products and is treated with antibiotics only.
What is the mechanism of Hydroxychloroquine in lupus and rheumatoid arthritis?,"Hydroxychloroquine accumulates in lysosomes, raising pH and interfering with antigen processing and Toll-like receptor signaling, giving immunomodulation; long-term use requires periodic retinal screening.",Hydroxychloroquine depletes B cells like rituximab and is completely free of eye toxicity.
Why are lipid nanoparticles used in mRNA vaccines?,"Lipid nanoparticles protect fragile mRNA from degradation by nucleases and help it enter cells by endocytosis and endosomal escape, enabling the cell to translate the antigen.",Lipid nanoparticles are added only to give the vaccine color and do not help mRNA enter cells.
Describe the mechanism of Rituximab.,"Rituximab is a chimeric monoclonal antibody against CD20 on B cells, causing depletion through complement-dependent cytotoxicity, ADCC, and apoptosis, and is used in B-cell lymphomas and autoimmune diseases.",Rituximab targets CD3 on T cells and permanently eliminates all lymphocytes.
What is antibiotic stewardship?,"Antibiotic stewardship is a coordinated set of strategies to ensure antibiotics are used only when needed, with the right drug, dose, duration, and route, to improve outcomes and slow the spread of resistance.",Antibiotic stewardship means giving broad-spectrum antibiotics to every patient with a fever to prevent infections.
Explain how Adalimumab treats inflammatory diseases.,"Adalimumab is a monoclonal antibody that neutralizes TNF-alpha, reducing inflammation in rheumatoid arthritis and Crohn's disease, but it increases infection risk and requires tuberculosis screening beforehand.",Adalimumab blocks the IL-6 receptor and carries no increased infection risk.
Describe how Cetirizine relieves allergy symptoms.,"Cetirizine is a second-generation H1-receptor antagonist that blocks histamine at peripheral H1 receptors, reducing itching, sneezing, and rhinorrhea with less sedation than first-generation agents because of limited brain penetration.",Cetirizine prevents mast cells from ever releasing histamine and is therefore useless once symptoms have started.
Explain how Warfarin exerts its anticoagulant effect.,"Warfarin inhibits vitamin K epoxide reductase (VKORC1), reducing the activation of clotting factors II, VII, IX, and X as well as proteins C and S, with full effect delayed by several days.",Warfarin directly inhibits thrombin in the blood and works immediately after the first dose.
Describe the mechanism of Sacubitril/Valsartan in heart failure.,"Sacubitril inhibits neprilysin, raising natriuretic peptides that promote vasodilation and sodium excretion, while valsartan blocks AT1 receptors; together they reduce mortality and hospitalization more than an ACE inhibitor alone.",Sacubitril/Valsartan is a combination of two ACE inhibitors and can safely be taken together with lisinopril.
Why is Valproate avoided in women of childbearing potential?,"Valproate is strongly teratogenic, increasing risks of neural tube defects, congenital malformations, and neurodevelopmental disorders, so it should be avoided unless alternatives fail and effective contraception with a pregnancy prevention program is in place.",Valproate is the safest antiseizure drug in pregnancy and is recommended for all women who plan to conceive.
How does Denosumab reduce fracture risk?,"Denosumab is a monoclonal antibody against RANKL, preventing RANK activation on osteoclast precursors, which reduces osteoclast formation and function; stopping it abruptly can cause rebound bone loss.",Denosumab is a bisphosphonate that permanently embeds in bone and can be stopped at any time without consequence.
Compare ACE inhibitors and ARBs for hypertension and heart failure.,"Both reduce RAAS activity and have similar benefits on blood pressure and outcomes; ACE inhibitors raise bradykinin causing cough and angioedema, whereas ARBs are better tolerated and are commonly substituted when cough occurs.",ACE inhibitors and ARBs are safe to combine at full doses and ARBs cause more cough than ACE inhibitors.
Describe how Anastrozole differs from Tamoxifen.,"Anastrozole inhibits aromatase, preventing peripheral conversion of androgens to estrogen in postmenopausal women, lowering systemic estrogen, and carries a higher risk of bone loss rather than endometrial stimulation.",Anastrozole blocks estrogen receptors in breast tissue and is mostly used in premenopausal women.
What risks do NSAIDs pose?,"NSAIDs can cause gastrointestinal ulceration and bleeding, acute kidney injury through reduced prostaglandin-mediated renal blood flow, fluid retention, and increased cardiovascular events, so the lowest effective dose for the shortest time is advised.","NSAIDs improve kidney blood flow and reduce cardiovascular risk, making them ideal for long-term use in kidney disease."
How does Venlafaxine differ from SSRIs?,"Venlafaxine inhibits reuptake of both serotonin and norepinephrine, with noradrenergic effects more prominent at higher doses, which can raise blood pressure and help with neuropathic pain.",Venlafaxine works on serotonin only and is identical to sertraline in mechanism and side effects.
What is the pharmacogenomic risk of Carbamazepine in some Asian populations?,"The HLA-B*15:02 allele is strongly associated with carbamazepine-induced Stevens-Johnson syndrome and toxic epidermal necrolysis in people of certain Asian ancestries, so genetic testing is recommended before starting.","HLA-B*15:02 testing predicts only drug efficacy, and carbamazepine skin reactions are unrelated to genetics."
What does bioequivalence mean for generic drugs?,"Bioequivalence means a generic delivers the same active ingredient to the bloodstream at a similar rate and extent as the reference product, typically with the 90 percent confidence interval of AUC and Cmax ratios within 80–125 percent.",Bioequivalence means a generic must contain exactly the same inactive ingredients and costs the same as the brand.
Describe how Alendronate strengthens bone.,"Alendronate is a nitrogen-containing bisphosphonate that binds hydroxyapatite and inhibits farnesyl pyrophosphate synthase in osteoclasts, inducing their apoptosis, decreasing bone resorption, and raising bone mineral density.",Alendronate mimics parathyroid hormone and stimulates osteoblasts to build new bone quickly.
Why should benzodiazepines not be stopped abruptly after long-term use?,"Long-term use causes neuroadaptation, and sudden cessation can trigger rebound anxiety, insomnia, tremor, and potentially life-threatening seizures, so gradual dose tapering is recommended.",Benzodiazepines can be stopped immediately at any time because they never cause physical dependence.
What safety warnings apply to fluoroquinolones?,"Fluoroquinolones carry warnings for tendinitis and tendon rupture, peripheral neuropathy, CNS effects, aortic aneurysm risk, QT prolongation, and dysglycemia, so they are reserved for infections where safer options are unsuitable.",Fluoroquinolones are among the safest antibiotics with no serious adverse effects and are first-line for every minor infection.
How does Methimazole treat hyperthyroidism?,"Methimazole inhibits thyroid peroxidase, blocking iodination of tyrosine residues and coupling reactions needed to make thyroid hormones, thereby reducing new hormone synthesis without affecting already stored hormone.",Methimazole destroys thyroid tissue with radiation and immediately removes all stored hormone from the gland.
What are immune-related adverse events with checkpoint inhibitors?,"Checkpoint inhibitors can cause immune-related adverse events such as colitis, pneumonitis, hepatitis, dermatitis, and endocrinopathies like thyroiditis, which are treated with corticosteroids and sometimes require stopping therapy.",Checkpoint inhibitors cause only bone marrow suppression like chemotherapy and never trigger autoimmune reactions.
Why do ACE inhibitors cause a dry cough?,"ACE also degrades bradykinin, so ACE inhibitors let bradykinin and substance P accumulate in the airways, triggering a persistent dry cough in some patients; switching to an ARB usually resolves it.",The cough is an allergic reaction to the drug's coating and always means the drug must be permanently avoided along with ARBs.
What are the major toxicities of Cisplatin and how can they be reduced?,"Cisplatin causes nephrotoxicity, ototoxicity, neuropathy, and severe emesis; aggressive hydration, magnesium replacement, and antiemetics such as 5-HT3 antagonists with NK1 antagonists help reduce the burden.","Cisplatin is toxic only to bone marrow, and extra hydration worsens its toxicity."
How does Paracetamol relieve pain and fever?,"Paracetamol is thought to act mainly in the central nervous system by inhibiting COX enzymes and modulating descending serotonergic pathways, giving analgesia and antipyresis with little peripheral anti-inflammatory activity.",Paracetamol is a strong anti-inflammatory that works peripherally exactly like ibuprofen and is the best choice for swollen joints.
Describe how Trimethoprim-Sulfamethoxazole acts synergistically.,"Sulfamethoxazole inhibits dihydropteroate synthase and trimethoprim inhibits dihydrofolate reductase, blocking two sequential steps of bacterial folate synthesis, which gives synergy and often bactericidal effect.","Both drugs inhibit the same enzyme, so the combination is simply redundant and no more effective than either alone."
How does Finasteride work in benign prostatic hyperplasia?,"Finasteride inhibits 5-alpha reductase, reducing conversion of testosterone to dihydrotestosterone, which shrinks prostate volume over months and also slows male pattern hair loss.",Finasteride blocks alpha-1 receptors in the prostate and relieves symptoms within hours without shrinking the gland.
What is the benefit of extended-release formulations?,"Extended-release formulations release drug gradually, reducing peak–trough fluctuations and dosing frequency, which can improve adherence and tolerability, but they should not be crushed because this may cause dose dumping.",Extended-release tablets can be safely crushed to speed up the effect and have no risk of overdose.
Compare SSRIs with tricyclic antidepressants.,"SSRIs are better tolerated and much safer in overdose, with mainly gastrointestinal and sexual side effects, whereas tricyclics have more anticholinergic and cardiac toxicity but remain useful for neuropathic pain.",Tricyclic antidepressants are safer in overdose than SSRIs and have fewer anticholinergic effects.
Explain the role of Nirmatrelvir and Ritonavir in treating COVID-19.,"Nirmatrelvir inhibits the SARS-CoV-2 main protease, blocking viral polyprotein processing, while ritonavir inhibits CYP3A4 to boost nirmatrelvir levels, which also creates many drug interactions.","Ritonavir is the active anti-SARS-CoV-2 drug and nirmatrelvir only acts as a booster, with no interactions."
Why are randomization and blinding used in clinical trials?,"Randomization balances known and unknown confounders between groups, while blinding prevents participants and investigators from biasing outcome assessment, so observed differences can be attributed to the treatment.",Randomization and blinding are used mainly to reduce the cost of trials and do not affect bias.
Explain how Adenosine terminates supraventricular tachycardia.,"Adenosine activates A1 receptors in the AV node, transiently hyperpolarizing cells and blocking conduction for a few seconds, which interrupts re-entrant circuits; its half-life is under 10 seconds so it is given as a rapid bolus.",Adenosine is a slow oral drug that gradually stabilizes heart rhythm over several weeks.
Compare Warfarin with direct oral anticoagulants.,"DOACs have predictable pharmacokinetics, fewer interactions, and need no routine INR monitoring, while warfarin remains preferred for mechanical heart valves and severe antiphospholipid syndrome, and for some patients with severe renal impairment.",DOACs need regular INR monitoring like warfarin and are the first choice for all mechanical heart valves.
Explain the mechanism of Morphine's analgesic effect.,"Morphine is a mu-opioid receptor agonist that inhibits ascending pain transmission and activates descending inhibitory pathways, producing analgesia but also respiratory depression, constipation, and dependence.",Morphine blocks COX enzymes at the injury site and has no effect on the brain or breathing.
Explain the mechanism of Semaglutide.,"Semaglutide is a GLP-1 receptor agonist that enhances glucose-dependent insulin secretion, suppresses glucagon, slows gastric emptying, and acts on central appetite pathways to reduce food intake and body weight.",Semaglutide is a synthetic insulin that lowers blood sugar the same way at any glucose level and has no effect on appetite.
What is heparin-induced thrombocytopenia?,"HIT is an immune reaction in which antibodies against heparin–platelet factor 4 complexes activate platelets, causing a falling platelet count and paradoxical thrombosis; heparin must be stopped and a non-heparin anticoagulant started.","HIT is a bleeding disorder from low clotting factors, treated by giving more heparin."
What are the main safety concerns with statin therapy?,"Statins can cause myalgia and, rarely, rhabdomyolysis, plus mild transaminase elevation. Risk rises with high doses, renal impairment, and CYP3A4 inhibitors such as clarithromycin, and CK is checked if severe symptoms occur.","Statins are completely free of muscle effects, and liver enzymes must be checked every week for all patients."
Explain the mechanism of Amiodarone.,"Amiodarone mainly blocks potassium channels, prolonging repolarization (class III), but also has sodium, calcium, and beta-blocking effects, making it broadly effective for arrhythmias but toxic to lungs, thyroid, and liver.",Amiodarone is a pure sodium channel blocker with no effect on repolarization and a very clean long-term safety profile.
Describe the mechanism of Spironolactone.,"Spironolactone competitively antagonizes mineralocorticoid receptors, reducing sodium reabsorption and potassium excretion in the distal nephron. It also has anti-androgen effects, which explains side effects like gynecomastia.","Spironolactone increases potassium excretion strongly, so it is mainly used to treat high potassium levels."
Compare GLP-1 receptor agonists and SGLT2 inhibitors in type 2 diabetes.,"GLP-1 agonists lower glucose, promote weight loss, and reduce atherosclerotic events, while SGLT2 inhibitors lower glucose modestly and strongly benefit heart failure and kidney outcomes; GLP-1s are injected and SGLT2 inhibitors are oral.","SGLT2 inhibitors are injectable and cause major weight loss through appetite suppression, while GLP-1 agonists act in the kidney."
Why is a loading dose sometimes used?,"A loading dose quickly achieves target plasma concentration for drugs with long half-lives or large volumes of distribution, such as digoxin or amiodarone, and is based on volume of distribution rather than clearance.","A loading dose is used to saturate the kidneys so the drug is excreted more slowly, and depends on clearance only."
Explain the mechanism of action of Lisinopril.,"Lisinopril inhibits angiotensin-converting enzyme, reducing angiotensin II formation, which lowers vasoconstriction and aldosterone release, and also raises bradykinin levels, explaining the cough side effect.",Lisinopril blocks the angiotensin II receptor directly and has no effect on bradykinin.
Describe the mechanism of Prednisolone's anti-inflammatory effect.,"Prednisolone binds intracellular glucocorticoid receptors, which move to the nucleus and suppress pro-inflammatory gene transcription while inducing anti-inflammatory proteins, broadly reducing immune cell activation and cytokine production.","Prednisolone works only by blocking COX enzymes at the site of inflammation, exactly like aspirin."
Why is Isotretinoin subject to strict pregnancy prevention programs?,"Isotretinoin is a potent teratogen causing craniofacial, cardiac, and CNS malformations, so patients must have negative pregnancy tests and use effective contraception before, during, and after treatment.",Isotretinoin is safe in pregnancy and is used to treat morning sickness.
What is the mechanism of Famotidine as an acid reducer?,"Famotidine is an H2-receptor antagonist that blocks histamine signaling on gastric parietal cells, lowering cAMP-driven acid secretion, though it is less potent than proton pump inhibitors.",Famotidine blocks the proton pump irreversibly and is more potent than omeprazole for all acid disorders.
How does Digoxin affect the heart?,"Digoxin inhibits the Na+/K+ ATPase, raising intracellular sodium and calcium to increase contractility, and enhances vagal tone to slow AV nodal conduction, with a narrow therapeutic window.",Digoxin opens potassium channels to speed up conduction and is safe across a very wide dose range.
What are the reversal agents for common anticoagulants?,"Vitamin K and prothrombin complex concentrate reverse warfarin, protamine reverses unfractionated heparin, idarucizumab reverses dabigatran, and andexanet alfa or prothrombin complex concentrate may be used for factor Xa inhibitors.","Protamine reverses warfarin, vitamin K reverses heparin, and no specific antidote exists for any anticoagulant."
Why does polypharmacy increase risk in older adults?,"Older adults have reduced renal and hepatic clearance, altered body composition, and more comorbidities, so multiple drugs raise the risk of interactions, falls, confusion, and adverse events; deprescribing review and tools such as the Beers criteria help.","Older adults metabolize drugs faster than young adults, so taking many drugs at once actually lowers adverse event risk."
How does Paracetamol overdose cause liver damage and how is it treated?,"In overdose, glucuronidation and sulfation pathways saturate and more drug is oxidized by CYP2E1 to NAPQI, which depletes glutathione and injures hepatocytes; N-acetylcysteine replenishes glutathione and is most effective when given early.","Paracetamol overdose damages the kidneys first through direct crystal formation, and the antidote is vitamin K."
Describe how Flumazenil works and its main risk.,"Flumazenil competitively antagonizes the benzodiazepine site on GABA-A receptors, reversing sedation, but it can precipitate seizures in benzodiazepine-dependent patients or mixed overdoses, and its short half-life may allow re-sedation.",Flumazenil permanently destroys benzodiazepine receptors and is safe to give to any patient with unknown overdose.
How does Hydrochlorothiazide lower blood pressure?,"Hydrochlorothiazide inhibits the Na+/Cl- cotransporter in the distal convoluted tubule, increasing sodium and water excretion; long-term vasodilation also contributes to its antihypertensive effect.",Hydrochlorothiazide acts in the loop of Henle and is stronger than furosemide in severe fluid overload.
How does Naloxone reverse opioid overdose?,"Naloxone is a competitive mu-opioid receptor antagonist with high affinity that displaces opioids and rapidly restores breathing, but its duration is short, so repeat doses may be needed with long-acting opioids.",Naloxone is a partial agonist that permanently destroys opioid receptors and lasts longer than any opioid.
Why is Methotrexate dosed weekly for arthritis and what happens with daily dosing errors?,"Low-dose methotrexate is taken once weekly, and accidental daily dosing can cause severe bone marrow suppression, mucositis, and death; folic acid supplementation reduces side effects and leucovorin rescues acute toxicity.","Methotrexate is safest when taken daily, and extra doses by mistake are harmless."
Why is dose adjustment needed in renal impairment?,"Many drugs or their active metabolites are cleared by the kidneys, so reduced glomerular filtration prolongs half-life and raises exposure, requiring lower doses or longer intervals, as with gabapentin, enoxaparin, and many antibiotics.","Renal impairment only affects drugs cleared by the liver, so dose adjustment is never needed for kidney disease."
What is pharmacogenomics?,"Pharmacogenomics studies how genetic variants affect drug response, including metabolism, transport, and targets, allowing therapy to be selected or dosed based on genotype, as in CYP2C19 for clopidogrel or TPMT for thiopurines.",Pharmacogenomics studies how drugs permanently alter a patient's DNA after treatment.
Explain how Aspirin prevents blood clots.,"Aspirin irreversibly acetylates COX-1 in platelets, blocking thromboxane A2 synthesis. Since platelets cannot make new enzyme, aggregation stays suppressed for the platelet's 7–10 day lifespan.",Aspirin dissolves existing clots directly by breaking down fibrin and has no effect on platelet function.
Compare mRNA vaccines and viral vector vaccines.,"mRNA vaccines deliver genetic instructions in lipid nanoparticles and can be updated rapidly, while viral vector vaccines use a harmless modified virus to deliver DNA, can be stored under simpler conditions, and may be limited by pre-existing immunity to the vector.","mRNA vaccines integrate into the host genome permanently, whereas viral vector vaccines contain only dead whole virus."
What is first-pass metabolism and why does it matter?,"First-pass metabolism is extensive hepatic and gut-wall metabolism of an oral drug before it reaches systemic circulation, reducing bioavailability; drugs like propranolol and glyceryl trinitrate are therefore dosed differently or given by other routes.",First-pass metabolism occurs only with intravenous drugs and increases their bioavailability to over 100 percent.
What is the mechanism of Lidocaine as a local anesthetic?,"Lidocaine blocks voltage-gated sodium channels in nerve fibers from inside the cell, preventing depolarization and propagation of pain signals; it also serves as a class Ib antiarrhythmic.",Lidocaine opens potassium channels in sensory nerves and has no use in cardiac rhythm disorders.
How likely is cross-reactivity between Penicillin and Cephalosporins?,"Cross-reactivity is low, around 1–2 percent overall, and depends mainly on similar R1 side chains rather than the shared beta-lactam ring, so many patients with penicillin allergy can safely receive dissimilar cephalosporins.","Penicillin-allergic patients always react to every cephalosporin because they share the same ring, so all must be avoided."
Describe how Donepezil is used in Alzheimer's disease.,"Donepezil reversibly inhibits acetylcholinesterase, increasing acetylcholine availability in the brain and modestly improving cognition symptomatically, without halting the underlying neurodegeneration.",Donepezil removes amyloid plaques from the brain and cures the progression of Alzheimer's disease.
How does Colchicine treat gout flares?,"Colchicine binds tubulin and inhibits microtubule polymerization, reducing neutrophil migration and NLRP3 inflammasome activity, which suppresses the inflammatory response to urate crystals.",Colchicine lowers serum uric acid by blocking its production and has no anti-inflammatory action.
How do biosimilars differ from generic drugs?,"Generics are chemically identical copies of small-molecule drugs, whereas biosimilars are highly similar but not identical versions of complex biologics made in living cells, requiring extensive analytical, functional, and clinical comparisons.",Biosimilars are exact chemical copies of biologics and need no clinical comparability studies.
How does Salbutamol relieve asthma symptoms?,"Salbutamol is a short-acting beta-2 agonist that raises cAMP in bronchial smooth muscle, causing rapid bronchodilation, with tremor and tachycardia as common side effects from systemic beta stimulation.",Salbutamol blocks muscarinic receptors in the airways and is used as a long-term anti-inflammatory controller.
What is the mechanism of Tranexamic acid?,"Tranexamic acid is a lysine analog that blocks plasminogen's lysine-binding sites, preventing its conversion to plasmin and stabilizing fibrin clots, which reduces bleeding in trauma, surgery, and heavy menstrual bleeding.",Tranexamic acid activates plasminogen to break down clots and is used to treat stroke.
Why is Pyridoxine given with Isoniazid?,"Isoniazid interferes with vitamin B6 metabolism, which can cause peripheral neuropathy, so pyridoxine supplementation helps prevent it, particularly in malnourished, diabetic, pregnant, or alcohol-dependent patients.",Pyridoxine is given to make isoniazid kill bacteria faster and has nothing to do with nerve toxicity.
What does the therapeutic index tell us?,"The therapeutic index compares the dose causing toxicity with the dose giving therapeutic effect; a narrow index, as with warfarin, digoxin, or lithium, means small dose changes can cause toxicity or treatment failure.","A high therapeutic index means a drug is dangerous at small doses, so drugs like digoxin have a very high index."
What is a prodrug and why are they used?,"A prodrug is an inactive or less active compound converted in the body to its active form, used to improve absorption, reduce toxicity, or target delivery; examples include clopidogrel, enalapril, and valacyclovir.","A prodrug is an active drug that becomes inactive after metabolism, and is used to shorten the effect of the drug."
Explain the role of Levothyroxine in hypothyroidism.,"Levothyroxine is synthetic T4 that replaces deficient endogenous thyroid hormone; it is converted peripherally to active T3, normalizing metabolism, and dosing is titrated using TSH levels.","Levothyroxine stimulates the pituitary gland to release more TSH, which then forces the thyroid to work harder."
Describe how Pioglitazone improves insulin sensitivity.,"Pioglitazone activates PPAR-gamma, altering gene transcription in adipose tissue, muscle, and liver to improve insulin sensitivity, though it can cause fluid retention and weight gain.","Pioglitazone inhibits intestinal alpha-glucosidase, delaying carbohydrate digestion after meals."
Describe pharmacokinetic and pharmacodynamic drug interactions.,"Pharmacokinetic interactions change drug absorption, distribution, metabolism, or excretion, while pharmacodynamic interactions occur when drugs have additive, synergistic, or antagonistic effects at receptors or physiological systems.",Pharmacokinetic interactions occur only at receptors and pharmacodynamic interactions only change drug excretion.
What are the important considerations for prescribing medicines in pregnancy?,"Prescribing in pregnancy requires weighing maternal benefit against fetal risk, using drugs with the best safety data at the lowest effective dose, and avoiding known teratogens such as warfarin, ACE inhibitors, valproate, and isotretinoin.",Every drug is safe in the second trimester because the placenta blocks all medicines from reaching the fetus.
Describe the mechanism of Fluconazole.,"Fluconazole inhibits fungal cytochrome P450 14-alpha-demethylase, blocking ergosterol synthesis and disrupting the fungal membrane; it also inhibits human CYP2C9 and CYP3A4, creating interactions.","Fluconazole binds ergosterol and forms pores in the membrane, and it has no effect on human CYP enzymes."
Explain how Dabigatran works and how its effect can be reversed.,"Dabigatran is a direct thrombin inhibitor, and its anticoagulant effect can be reversed with idarucizumab, a monoclonal antibody fragment that binds the drug specifically.",Dabigatran inhibits factor Xa and can only be reversed by giving vitamin K.
What are the major mechanisms of antimicrobial resistance?,"Bacteria resist antibiotics by enzymatic drug inactivation such as beta-lactamases, altering targets, reducing permeability, using efflux pumps, and acquiring resistance genes through plasmids, transposons, or horizontal transfer.",Resistance occurs only because patients develop tolerance to antibiotics in their own cells and cannot be transferred between bacteria.
Explain how Tamsulosin improves urinary flow.,"Tamsulosin selectively blocks alpha-1A receptors in prostate and bladder neck smooth muscle, relaxing tone and improving urine flow quickly, with orthostatic hypotension as a potential side effect.",Tamsulosin shrinks the prostate by lowering DHT and takes about six months to work.
Explain how Cisplatin kills cancer cells.,"Cisplatin forms intra- and inter-strand platinum–DNA crosslinks that block replication and transcription, triggering apoptosis, and its dose-limiting toxicities include nephrotoxicity, ototoxicity, and severe nausea.",Cisplatin stabilizes microtubules to stop cell division and has no kidney or hearing toxicity.
Explain what bioavailability means.,Bioavailability is the fraction of an administered dose that reaches systemic circulation unchanged; it is 100 percent for intravenous drugs and lower for oral drugs because of incomplete absorption and first-pass metabolism.,Bioavailability is the amount of drug that remains in the tablet after manufacturing and cannot change with route of administration.
Explain the mechanism of Allopurinol in gout.,"Allopurinol and its active metabolite oxypurinol inhibit xanthine oxidase, decreasing uric acid production, and it is used for long-term prevention rather than relief of acute gout flares.",Allopurinol increases kidney excretion of uric acid and is the first choice to stop an acute flare.
What are the main adverse effects of loop diuretics?,"Loop diuretics can cause hypokalemia, hyponatremia, hypomagnesemia, volume depletion, hyperuricemia, and dose-related ototoxicity, particularly with rapid intravenous administration or when combined with aminoglycosides.",Loop diuretics cause hyperkalemia and have no effect on hearing even in high doses.
Explain how Omeprazole reduces stomach acid.,"Omeprazole is a prodrug activated in acidic parietal-cell canaliculi, where it irreversibly inhibits the H+/K+ ATPase proton pump, suppressing the final step of gastric acid secretion.","Omeprazole neutralizes acid already present in the stomach by chemically reacting with it, like an antacid."
Describe the major long-term toxicities of Amiodarone.,"Long-term amiodarone can cause pulmonary fibrosis, hepatotoxicity, thyroid dysfunction (both hypo- and hyperthyroidism), corneal deposits, and photosensitivity, so baseline and periodic lung, liver, thyroid, and eye assessments are recommended.","Amiodarone's only meaningful side effect is a mild headache, so no routine monitoring is required."
What is known about the mechanism of Lithium in bipolar disorder?,"Lithium's exact mechanism is unclear, but it inhibits inositol monophosphatase and glycogen synthase kinase-3, modulating intracellular signaling; it has a narrow therapeutic index requiring serum level monitoring.",Lithium is a GABA-A agonist and is safe to prescribe without any blood level monitoring.
What are the key risks of SGLT2 inhibitors?,"SGLT2 inhibitors can cause genital mycotic infections, volume depletion, and euglycemic diabetic ketoacidosis, so they are withheld during acute illness or before surgery, and they are used with caution in patients at risk of dehydration.",SGLT2 inhibitors cause severe hypoglycemia as their main risk and have no effect on ketone levels.
How can generative models support de novo drug design?,"Generative models such as variational autoencoders, diffusion models, and language models propose novel molecules optimized for properties like affinity and synthesizability, but candidates still require synthesis, assays, and toxicity testing.",Generative models can produce drugs that are guaranteed safe and effective so no laboratory testing is needed.
What does molecular docking do?,"Molecular docking predicts the binding pose and approximate affinity of a small molecule within a target's binding site using scoring functions, which is useful for virtual screening but needs experimental confirmation.",Molecular docking measures the exact binding energy of a drug with perfect accuracy and replaces biochemical assays.
Why are pediatric doses usually weight-based?,"Children differ widely in size and organ maturity, so dosing per kilogram, or per body surface area for some drugs, helps achieve appropriate exposure and avoids under- or overdosing, with neonates needing extra care due to immature clearance.",Pediatric doses are simply half the adult dose for all children regardless of weight or age.
What is the mechanism of Hydroxyurea in sickle cell disease?,"Hydroxyurea inhibits ribonucleotide reductase and increases fetal hemoglobin production, which interferes with HbS polymerization, reducing sickling episodes, pain crises, and the need for transfusions.","Hydroxyurea replaces defective hemoglobin genes with normal ones, permanently curing the condition."
How does Isoniazid work against tuberculosis?,"Isoniazid is a prodrug activated by mycobacterial KatG that inhibits mycolic acid synthesis, weakening the cell wall; it can cause peripheral neuropathy, which pyridoxine supplementation helps prevent.",Isoniazid inhibits RNA polymerase and has no neurological side effects.
How does Nitroglycerin relieve angina?,"Nitroglycerin is converted to nitric oxide, which activates guanylate cyclase and raises cGMP, causing venodilation that lowers preload and myocardial oxygen demand, plus some coronary vasodilation.",Nitroglycerin blocks beta receptors to lower heart rate and is mainly an arterial constrictor.
How does Losartan differ mechanistically from ACE inhibitors?,"Losartan blocks the AT1 receptor so angiotensin II cannot act, without inhibiting ACE. Bradykinin is not increased, so cough and angioedema are much less common than with ACE inhibitors.","Losartan inhibits ACE just like lisinopril, so it causes the same cough through bradykinin accumulation."
What is the dose-limiting toxicity of Doxorubicin?,"Doxorubicin causes cumulative, dose-dependent cardiotoxicity through oxidative stress and topoisomerase II-beta effects, leading to cardiomyopathy and heart failure, so lifetime dose limits and cardiac monitoring are used; dexrazoxane can be protective.","Doxorubicin's main limiting toxicity is hearing loss, and it has no effect on the heart."
Explain the mechanism of Imatinib in chronic myeloid leukemia.,"Imatinib selectively inhibits the BCR-ABL tyrosine kinase created by the Philadelphia chromosome, blocking proliferative signaling in leukemic cells, and also inhibits c-KIT, supporting use in GIST.",Imatinib damages DNA in all rapidly dividing cells and works the same way as classical cytotoxic chemotherapy.
Describe the mechanism of Acyclovir.,"Acyclovir is a guanosine analog phosphorylated first by viral thymidine kinase, so it concentrates in infected cells, and its triphosphate form terminates viral DNA chain elongation, making it selective against herpes viruses.",Acyclovir blocks the viral neuraminidase enzyme and is active against influenza.
How has AlphaFold influenced drug discovery?,"AlphaFold predicts protein structures with high accuracy from sequence, giving structural hypotheses for targets without experimental structures, aiding docking and target assessment, though confidence varies and dynamics and ligand binding still need validation.",AlphaFold directly designs approved drugs and eliminates the need for any experimental validation.
What is drug repurposing?,"Drug repurposing finds new therapeutic uses for existing approved or investigational drugs, often reducing development time and cost because safety and pharmacokinetic data already exist; sildenafil and thalidomide are examples.",Drug repurposing means recycling expired tablets for use in new patients and requires no new studies.
How does Tamoxifen treat breast cancer?,"Tamoxifen is a selective estrogen receptor modulator that antagonizes estrogen receptors in breast tissue, blocking estrogen-driven tumor growth, while acting as a partial agonist in the uterus, raising endometrial cancer risk.",Tamoxifen blocks aromatase and lowers estrogen synthesis throughout the body with no uterine effects.
Describe how Metoprolol works in heart disease.,"Metoprolol is a cardioselective beta-1 blocker that reduces heart rate, contractility, and renin release, lowering myocardial oxygen demand and improving outcomes in heart failure, angina, and after myocardial infarction.","Metoprolol stimulates beta-1 receptors to strengthen contractions, so it is used to boost heart rate in bradycardia."
How does Apixaban work compared with Heparin?,"Apixaban directly and selectively inhibits free and clot-bound factor Xa without needing antithrombin, whereas heparin acts indirectly by enhancing antithrombin's inhibition of factor Xa and thrombin.","Apixaban works through antithrombin in the same way as heparin, so both need an intact vitamin K cycle."
Describe the mechanism and key interaction property of Carbamazepine.,"Carbamazepine blocks voltage-gated sodium channels to reduce seizure activity and strongly induces CYP3A4, including its own metabolism, which lowers levels of many co-administered drugs.",Carbamazepine is a strong CYP inhibitor that raises levels of all other medications taken with it.
What is the role of adjuvants in vaccines?,"Adjuvants such as aluminum salts or AS01 enhance and shape the immune response to an antigen, allowing lower antigen doses or fewer shots and improving responses, especially for subunit and inactivated vaccines.",Adjuvants are preservatives that keep vaccines from spoiling and have no effect on the immune response.
What problems arise from long-term systemic corticosteroid use?,"Long-term corticosteroids can cause adrenal suppression, osteoporosis, hyperglycemia, hypertension, weight gain, cataracts, and infection risk, and they should be tapered gradually to avoid adrenal crisis.","Long-term corticosteroids are safe, and sudden discontinuation is always fine because the adrenal glands remain unaffected."
How does Evolocumab lower LDL cholesterol?,"Evolocumab is a monoclonal antibody that binds PCSK9, preventing it from degrading LDL receptors, so more receptors recycle to the hepatocyte surface and clear more circulating LDL.",Evolocumab is a small oral molecule that inhibits HMG-CoA reductase more strongly than statins.
Explain how Amoxicillin kills bacteria.,"Amoxicillin is a beta-lactam that binds penicillin-binding proteins and blocks peptidoglycan cross-linking, weakening the cell wall so bacteria lyse; it is vulnerable to beta-lactamases unless combined with clavulanate.","Amoxicillin binds the bacterial 50S ribosome and stops protein synthesis, so it is unaffected by beta-lactamases."
Explain how PROTACs differ from conventional inhibitors.,"PROTACs are bifunctional molecules that bring a target protein close to an E3 ubiquitin ligase, triggering ubiquitination and proteasomal degradation of the protein, rather than merely blocking its activity.","PROTACs work by binding the active site of a target protein and blocking it reversibly, exactly like a conventional inhibitor."
Why do sulfonylureas cause hypoglycemia?,"Sulfonylureas stimulate insulin release independent of blood glucose level, so insulin secretion continues even when glucose is low, particularly with missed meals, renal impairment, or long-acting agents such as glibenclamide.",Sulfonylureas block insulin release and so cannot cause hypoglycemia on their own.
What do monoclonal antibody name suffixes indicate?,"The suffix -mab denotes monoclonal antibodies, and the preceding stem often shows the source: -omab for mouse, -ximab for chimeric, -zumab for humanized, and -umab for fully human antibodies.","The suffix -mab means a small molecule inhibitor, and -umab means the drug comes from a mouse."
What are orphan drugs?,"Orphan drugs treat rare diseases affecting small patient populations, and regulators offer incentives such as market exclusivity, fee reductions, and development support because the commercial market alone may not justify the investment.",Orphan drugs are medicines abandoned for being unsafe and are banned from further development.
What is the mechanism of Ondansetron for nausea?,"Ondansetron antagonizes 5-HT3 receptors on vagal afferents and in the chemoreceptor trigger zone, effectively preventing chemotherapy- and postoperative-induced nausea, though it can prolong the QT interval.",Ondansetron stimulates dopamine D2 receptors and is the preferred treatment for motion sickness.
Explain how Diazepam produces its calming effect.,"Diazepam is a positive allosteric modulator of GABA-A receptors that increases the frequency of chloride channel opening in the presence of GABA, enhancing inhibitory neurotransmission.",Diazepam opens chloride channels directly without needing GABA and therefore has no risk of dependence.
What increases the risk of Digoxin toxicity?,"Hypokalemia increases digoxin binding to the Na+/K+ ATPase, and renal impairment, hypomagnesemia, hypercalcemia, and drugs such as amiodarone or verapamil also raise risk; signs include nausea, visual disturbances, and arrhythmias.","High potassium levels are what trigger digoxin toxicity, and kidney disease makes the drug safer."
Explain the mechanism of action of Sertraline.,"Sertraline selectively inhibits the serotonin transporter (SERT), increasing synaptic serotonin; therapeutic effects for depression and anxiety usually take two to six weeks because of downstream adaptive changes.",Sertraline irreversibly inhibits monoamine oxidase and produces full antidepressant effects within the first day.
Compare Ibuprofen and Paracetamol for fever and inflammation.,"Ibuprofen is an NSAID with analgesic, antipyretic, and anti-inflammatory effects but GI and renal risks, while paracetamol has analgesic and antipyretic effects with minimal anti-inflammatory action and is hepatotoxic in overdose.",Paracetamol is a stronger anti-inflammatory than ibuprofen and carries a higher risk of stomach ulcers.
Explain how Phenytoin controls seizures.,"Phenytoin blocks voltage-gated sodium channels in a use-dependent manner, stabilizing the inactive state and limiting repetitive neuronal firing; it shows zero-order kinetics at higher doses, making dosing delicate.",Phenytoin enhances GABA release and shows predictable linear kinetics at all doses.
Describe the pharmacological action of combined oral contraceptives.,"Combined oral contraceptives provide estrogen and progestin that suppress GnRH-driven LH and FSH release, preventing ovulation, while also thickening cervical mucus and thinning the endometrium.",Combined oral contraceptives work only by killing sperm in the uterus and do not affect ovulation.
Explain the mechanism of Methotrexate in cancer and rheumatoid arthritis.,"Methotrexate inhibits dihydrofolate reductase, depleting tetrahydrofolate needed for DNA synthesis; high doses treat cancer while low weekly doses modulate immune activity, and leucovorin can rescue toxicity.",Methotrexate alkylates DNA directly and is taken daily at the same dose for arthritis.
How do sulfonylureas such as Glipizide work?,"Glipizide binds the SUR1 subunit of the beta-cell ATP-sensitive potassium channel, closing it, depolarizing the cell, and triggering insulin release regardless of glucose level, which explains the hypoglycemia risk.",Glipizide lowers glucose by activating AMPK in the liver and does not influence insulin secretion at all.
How do Levodopa and Carbidopa work together in Parkinson's disease?,"Levodopa crosses the blood–brain barrier and is converted to dopamine, while carbidopa inhibits peripheral dopa decarboxylase and does not cross into the brain, increasing central delivery and reducing nausea.",Carbidopa crosses the blood–brain barrier and is the main molecule that produces dopamine in the brain.
Describe the phases of clinical trials.,"Phase I tests safety and dosing in a small group, Phase II explores efficacy and side effects in patients, Phase III confirms efficacy and safety in large randomized trials, and Phase IV monitors long-term effects after approval.","Phase I tests efficacy in thousands of patients, and Phase IV is the first test in healthy volunteers before approval."
Compare loop and thiazide diuretics.,"Loop diuretics act in the thick ascending limb and produce strong, short-acting diuresis useful in edema and heart failure, whereas thiazides act on the distal tubule, are milder, preferred for hypertension, and reduce urinary calcium excretion.",Thiazides are stronger than loop diuretics and increase urinary calcium loss while loop diuretics reduce it.
How do CYP2C19 variants affect Clopidogrel?,"CYP2C19 loss-of-function variants reduce conversion of clopidogrel to its active metabolite, causing reduced antiplatelet effect and higher cardiovascular event risk in poor metabolizers, who may benefit from alternatives such as ticagrelor.","CYP2C19 variants make clopidogrel more potent in everyone, so poor metabolizers need lower doses."
How does Verapamil differ from Amlodipine?,"Verapamil is a non-dihydropyridine calcium channel blocker with strong effects on the heart, slowing AV conduction and contractility, whereas amlodipine acts mainly on vascular smooth muscle to cause vasodilation.","Verapamil and amlodipine have identical cardiac effects, and both are safe to combine with beta blockers."
Contrast CYP450 enzyme induction with inhibition.,"Induction increases enzyme expression over days, lowering levels of substrate drugs, as with rifampicin, while inhibition blocks enzyme activity quickly, raising substrate levels and toxicity risk, as with clarithromycin or ketoconazole.",Induction raises substrate drug levels immediately and inhibition lowers them slowly over weeks.
Compare typical and atypical antipsychotics.,"Typical antipsychotics mainly block D2 receptors and cause more extrapyramidal symptoms, while atypicals also block 5-HT2A receptors, usually cause fewer movement disorders, but carry more metabolic risk such as weight gain and diabetes.","Atypical antipsychotics cause more extrapyramidal effects and no metabolic effects, unlike typicals."
Describe the mechanism of action of Ibuprofen.,"Ibuprofen is a reversible, non-selective COX-1 and COX-2 inhibitor that reduces prostaglandin synthesis, producing analgesic, antipyretic, and anti-inflammatory effects but also carrying gastric and renal risks.","Ibuprofen selectively blocks COX-2 only, which is why it never causes stomach irritation or kidney problems."
Describe how Amitriptyline works and why it has many side effects.,"Amitriptyline blocks norepinephrine and serotonin reuptake but also antagonizes muscarinic, histamine H1, and alpha-1 receptors, causing dry mouth, sedation, orthostatic hypotension, and dangerous cardiac toxicity in overdose.",Amitriptyline is highly selective for serotonin and has no anticholinergic or sedating effects.
What is the difference between Type A and Type B adverse drug reactions?,"Type A reactions are predictable, dose-dependent extensions of pharmacology, such as bleeding with warfarin, while Type B reactions are unpredictable, dose-independent idiosyncratic or immunologic events, such as anaphylaxis to penicillin.","Type A reactions are rare and unpredictable and Type B reactions are common and dose-dependent, with no link to the drug's pharmacology."
Why is Codeine dangerous for CYP2D6 ultra-rapid metabolizers?,"Codeine is a prodrug converted by CYP2D6 to morphine, so ultra-rapid metabolizers produce excess morphine, risking respiratory depression and death, including in breastfed infants; it is avoided in children after tonsillectomy.",Ultra-rapid metabolizers get no pain relief from codeine and so are safe from side effects.
Define the four stages of pharmacokinetics.,"Pharmacokinetics describes what the body does to a drug through absorption, distribution, metabolism, and excretion (ADME), which together determine onset, intensity, and duration of drug effect.","Pharmacokinetics describes what the drug does to the body, and consists only of receptor binding and signal transduction."
Why does Warfarin require regular INR monitoring?,"Warfarin has a narrow therapeutic index and variable response due to diet, genetics, and many drug interactions, so INR is monitored, typically targeting 2.0–3.0, to balance bleeding against clotting risk.","Warfarin has a wide safety margin and a fixed dose works for everyone, so INR monitoring is only a formality."
How does Cyclosporine suppress the immune system?,"Cyclosporine binds cyclophilin, and the complex inhibits calcineurin, preventing NFAT activation and IL-2 transcription, which blunts T-cell activation; nephrotoxicity and many CYP3A4 interactions are key concerns.",Cyclosporine blocks DNA synthesis in all cells and has no kidney effects.
What is serotonin syndrome and which drug combinations trigger it?,"Serotonin syndrome is excess serotonergic activity causing agitation, hyperthermia, clonus, diarrhea, and autonomic instability; it is triggered by combinations such as SSRIs with MAO inhibitors, linezolid, tramadol, or triptans.","Serotonin syndrome is caused by serotonin deficiency and occurs when SSRIs are stopped, never when combined with MAO inhibitors."
How does Dolutegravir inhibit HIV?,"Dolutegravir inhibits HIV integrase strand transfer, preventing integration of viral DNA into the host chromosome, and has a high barrier to resistance, making it a preferred first-line option.",Dolutegravir inhibits HIV protease and prevents the virus from entering cells.
Describe the mechanism of Azithromycin.,"Azithromycin binds the 50S ribosomal subunit and inhibits translocation, blocking bacterial protein synthesis; it has a long tissue half-life that allows short dosing courses.","Azithromycin binds the 30S subunit and causes misreading of mRNA, which kills the bacterium."
What historical lesson does Thalidomide provide for drug regulation?,"Thalidomide, sold in the late 1950s as a sedative and anti-nausea drug, caused severe limb malformations in thousands of infants, which led to stronger drug safety testing requirements including reproductive toxicity studies.","Thalidomide taught regulators that sedatives should skip animal testing, which sped up approvals."
Compare first-generation and second-generation antihistamines.,"First-generation antihistamines such as diphenhydramine cross the blood–brain barrier and cause sedation and anticholinergic effects, whereas second-generation agents such as loratadine and cetirizine are more peripherally selective with less sedation.",Second-generation antihistamines cause more sedation than first-generation ones because they enter the brain more freely.
Describe how Empagliflozin lowers blood glucose.,"Empagliflozin inhibits SGLT2 in the proximal tubule, reducing glucose reabsorption and increasing urinary glucose excretion independent of insulin, with added cardiovascular and renal protective benefits.",Empagliflozin stimulates pancreatic beta cells to release more insulin by closing potassium channels.
What does the FDA accelerated approval pathway allow?,"Accelerated approval lets drugs for serious conditions with unmet need be approved based on a surrogate endpoint reasonably likely to predict benefit, with confirmatory trials required afterward to verify clinical benefit.",Accelerated approval skips all safety evaluation and needs no follow-up studies after approval.
Describe how Neostigmine reverses neuromuscular blockade.,"Neostigmine inhibits acetylcholinesterase at the neuromuscular junction, increasing acetylcholine to outcompete non-depolarizing blockers, and is typically given with an anticholinergic to limit muscarinic side effects.",Neostigmine blocks nicotinic receptors and deepens paralysis from muscle relaxants.
Why must Lithium levels be monitored closely?,"Lithium has a narrow therapeutic index and renal clearance, so dehydration, NSAIDs, ACE inhibitors, or thiazides can raise levels and cause tremor, confusion, and arrhythmias, making regular serum monitoring essential.","Lithium is cleared by the liver, so NSAIDs and diuretics have no effect on its blood levels."
Describe how Heparin prevents clotting.,"Heparin binds antithrombin and causes a conformational change that accelerates its inactivation of thrombin and factor Xa, giving a rapid anticoagulant effect that is monitored with aPTT for unfractionated forms.",Heparin is a vitamin K antagonist that gradually lowers clotting factor production over several days.
How does Pembrolizumab work against cancer?,"Pembrolizumab is a monoclonal antibody against PD-1 that blocks its interaction with PD-L1, releasing the brake on T cells so they can attack tumor cells, with immune-related adverse events as a key risk.",Pembrolizumab delivers a toxin straight into tumor cells and causes no immune-related side effects.
Why is early ADMET prediction important in drug discovery?,"Poor absorption, metabolism, or toxicity is a leading cause of late-stage attrition, so predicting ADMET properties early with in silico and in vitro tools helps prioritize compounds and reduce costly failures.","ADMET prediction matters only after approval, and early-stage failures are always due to cost."
Why is Metformin contraindicated in severe renal impairment?,"Metformin is cleared unchanged by the kidneys, so with severely reduced eGFR it accumulates and raises the risk of lactic acidosis; it is generally avoided when eGFR falls below 30 mL/min.","Metformin is metabolized entirely by the liver, so kidney function is irrelevant to its safety."
